{"10": [{"collisions_counter": 10, "average_free_path": 562.9485240851475}], "20": [{"collisions_counter": 12, "average_free_path": 531.8802201807991}], "30": [{"collisions_counter": 36, "average_free_path": 203.23300444246004}], "40": [{"collisions_counter": 156, "average_free_path": 54.57319529293874}], "50": [{"collisions_counter": 288, "average_free_path": 21.55928295798918}], "60": [{"collisions_counter": 180, "average_free_path": 47.31605441726227}], "70": [{"collisions_counter": 310, "average_free_path": 27.187168100009384}], "80": [{"collisions_counter": 147, "average_free_path": 44.53112275651883}], "90": [{"collisions_counter": 299, "average_free_path": 22.86342827683107}], "100": [{"collisions_counter": 564, "average_free_path": 13.445281048122647}]}
